ds,yhat,yhat_lower,yhat_upper,trend,student_id,burnout_label,is_forecast,is_peak,yhat_pct,yhat_lower_pct,yhat_upper_pct,personal_mean_pct,risk_flag
2023-09-01,0.3920519215316951,0.318766665882009,0.45887377400939167,0.3752356704195,STU_0263,Low Burnout,0,0,39.2,31.9,45.9,35.4,peak
2023-09-02,0.3654086202481677,0.291524596660934,0.43645480748547505,0.37481004069387724,STU_0263,Low Burnout,0,0,36.5,29.2,43.6,35.4,normal
2023-09-03,0.3815005076889924,0.31240348605463775,0.45057597053119564,0.3743844109682544,STU_0263,Low Burnout,0,0,38.2,31.2,45.1,35.4,normal
2023-09-04,0.3752817210259771,0.30444248041346245,0.4397687085731004,0.37395878124263165,STU_0263,Low Burnout,0,0,37.5,30.4,44.0,35.4,normal
2023-09-05,0.3745756955915048,0.3039589161685932,0.44055730916498104,0.3735331515170089,STU_0263,Low Burnout,0,0,37.5,30.4,44.1,35.4,normal
2023-09-06,0.36774729772905884,0.29174111723447244,0.4367515501419854,0.37310752179271006,STU_0263,Low Burnout,0,0,36.8,29.2,43.7,35.4,normal
2023-09-07,0.36114570488700026,0.29569191176742965,0.4315041436360303,0.3726818920684112,STU_0263,Low Burnout,0,0,36.1,29.6,43.2,35.4,normal
2023-09-08,0.38907251345629507,0.3177839465219472,0.4556116685670702,0.3722562623441124,STU_0263,Low Burnout,0,0,38.9,31.8,45.6,35.4,peak
2023-09-09,0.36242921219206486,0.29291511099387535,0.4335833618513561,0.37183063263779337,STU_0263,Low Burnout,0,0,36.2,29.3,43.4,35.4,normal
2023-09-10,0.3785210996522053,0.3107513960857411,0.4505744473715192,0.3714050029314743,STU_0263,Low Burnout,0,0,37.9,31.1,45.1,35.4,normal
2023-09-11,0.3723023130084336,0.2961637779427574,0.4448441356526487,0.3709793732251553,STU_0263,Low Burnout,0,0,37.2,29.6,44.5,35.4,normal
2023-09-12,0.3715962875933825,0.30677469597911794,0.44057890686848106,0.3705537435188362,STU_0263,Low Burnout,0,0,37.2,30.7,44.1,35.4,normal
2023-09-13,0.36476788974849195,0.2983203081218961,0.4290073445016177,0.3701281138121299,STU_0263,Low Burnout,0,0,36.5,29.8,42.9,35.4,normal
2023-09-14,0.35816629692406027,0.28284031134166776,0.4247853196858532,0.36970248410542356,STU_0263,Low Burnout,0,0,35.8,28.3,42.5,35.4,normal
2023-09-15,0.38609310551090525,0.3114105731917698,0.4580334950281238,0.36927685439871727,STU_0263,Low Burnout,0,0,38.6,31.1,45.8,35.4,peak
2023-09-16,0.3594499662384392,0.28641837483597893,0.42932803730306307,0.3688513866841364,STU_0263,Low Burnout,0,0,35.9,28.6,42.9,35.4,normal
2023-09-17,0.37554201569027956,0.3066242863825173,0.4415403074957634,0.36842591896955557,STU_0263,Low Burnout,0,0,37.6,30.7,44.2,35.4,normal
2023-09-18,0.3693233910383413,0.29796742498964207,0.43903671015520185,0.36800045125497466,STU_0263,Low Burnout,0,0,36.9,29.8,43.9,35.4,normal
2023-09-19,0.36861752761483574,0.2969712145540482,0.44563492009443045,0.3675749835403939,STU_0263,Low Burnout,0,0,36.9,29.7,44.6,35.4,normal
2023-09-20,0.36178929176639707,0.2979763231973414,0.4369081138027275,0.36714951583009175,STU_0263,Low Burnout,0,0,36.2,29.8,43.7,35.4,normal
2023-09-21,0.35518786093842525,0.28318251649448223,0.42124534060840957,0.36672404811978965,STU_0263,Low Burnout,0,0,35.5,28.3,42.1,35.4,normal
2023-09-22,0.3831148315216737,0.31204465016369165,0.4568290813874776,0.3662985804094875,STU_0263,Low Burnout,0,0,38.3,31.2,45.7,35.4,peak
2023-09-23,0.3564716923233251,0.28715642687263443,0.42457653559899255,0.3658731127690412,STU_0263,Low Burnout,0,0,35.6,28.7,42.5,35.4,normal
2023-09-24,0.37256374184931196,0.30838497333383696,0.4464232965474081,0.36544764512859496,STU_0263,Low Burnout,0,0,37.3,30.8,44.6,35.4,normal
2023-09-25,0.3663451172714647,0.30005218994690736,0.43668383342220174,0.36502217748814875,STU_0263,Low Burnout,0,0,36.6,30.0,43.7,35.4,normal
2023-09-26,0.36563925392219476,0.29733872694997115,0.4343404176507936,0.36459670984770254,STU_0263,Low Burnout,0,0,36.6,29.7,43.4,35.4,normal
2023-09-27,0.35881101814806315,0.29189525682641654,0.4252339691580351,0.3641712422117299,STU_0263,Low Burnout,0,0,35.9,29.2,42.5,35.4,normal
2023-09-28,0.3522095873943918,0.2857383773617708,0.41814746166642863,0.3637457745757573,STU_0263,Low Burnout,0,0,35.2,28.6,41.8,35.4,normal
2023-09-29,0.38013655805199403,0.31326131728463275,0.44869889384259376,0.3633203069397847,STU_0263,Low Burnout,0,0,38.0,31.3,44.9,35.4,normal
2023-09-30,0.3534934210191482,0.28357455136064813,0.4243476450837492,0.36289484146485,STU_0263,Low Burnout,0,0,35.3,28.4,42.4,35.4,normal
2023-10-01,0.36958547271067316,0.29282698798866386,0.4426591473994215,0.36246937598991535,STU_0263,Low Burnout,0,0,37.0,29.3,44.3,35.4,normal
2023-10-02,0.3633668502983154,0.2874292422820533,0.43152396822013056,0.36204391051498064,STU_0263,Low Burnout,0,0,36.3,28.7,43.2,35.4,normal
2023-10-03,0.36266098911458855,0.28774376924588135,0.42824020426264425,0.361618445040046,STU_0263,Low Burnout,0,0,36.3,28.8,42.8,35.4,normal
2023-10-04,0.3558327555572546,0.2888478730527432,0.4337464680290644,0.36119297962097807,STU_0263,Low Burnout,0,0,35.6,28.9,43.4,35.4,normal
2023-10-05,0.3492313270205435,0.2785691557224628,0.4119049625217248,0.3607675142019101,STU_0263,Low Burnout,0,0,34.9,27.9,41.2,35.4,normal
2023-10-06,0.37715829989503913,0.31281472470915683,0.45266124313162304,0.3603420487828422,STU_0263,Low Burnout,0,0,37.7,31.3,45.3,35.4,normal
2023-10-07,0.3505151629180535,0.27910282871478514,0.4197832982046945,0.3599165833637743,STU_0263,Low Burnout,0,0,35.1,27.9,42.0,35.4,normal
2023-10-08,0.3666072145754494,0.29523884527830285,0.4351633200824867,0.35949111785472004,STU_0263,Low Burnout,0,0,36.7,29.5,43.5,35.4,normal
2023-10-09,0.36038859212900287,0.2902853656369668,0.4268788329976466,0.35906565234566584,STU_0263,Low Burnout,0,0,36.0,29.0,42.7,35.4,normal
2023-10-10,0.3596827309110497,0.2927204692608063,0.4323352112397774,0.3586401868366116,STU_0263,Low Burnout,0,0,36.0,29.3,43.2,35.4,normal
2023-10-11,0.3528545037025072,0.2833998111724901,0.4306525479365429,0.35821472776614743,STU_0263,Low Burnout,0,0,35.3,28.3,43.1,35.4,normal
2023-10-12,0.3462530815143643,0.274867446930197,0.4185924890957783,0.3577892686956833,STU_0263,Low Burnout,0,0,34.6,27.5,41.9,35.4,normal
2023-10-13,0.3741800607374142,0.3021099968424783,0.44263468740871553,0.3573638096252191,STU_0263,Low Burnout,0,0,37.4,30.2,44.3,35.4,normal
2023-10-14,0.3475369301090152,0.28099190603925017,0.41604504035613776,0.356938350554755,STU_0263,Low Burnout,0,0,34.8,28.1,41.6,35.4,normal
2023-10-15,0.3636490958660801,0.29247294594128276,0.432773115672901,0.3565329991453099,STU_0263,Low Burnout,0,0,36.4,29.2,43.3,35.4,normal
2023-10-16,0.3574505875192207,0.28294409244652846,0.4239289100510689,0.35612764773586486,STU_0263,Low Burnout,0,0,35.7,28.3,42.4,35.4,normal
2023-10-17,0.35676484040090833,0.28787178630612603,0.4302362238751893,0.35572229632641983,STU_0263,Low Burnout,0,0,35.7,28.8,43.0,35.4,normal
2023-10-18,0.35001036550090286,0.2730462890161739,0.4153775233719867,0.35537058956459977,STU_0263,Low Burnout,0,0,35.0,27.3,41.5,35.4,normal
2023-10-19,0.34348269562135586,0.26706470625184214,0.41758094519187666,0.3550188828027797,STU_0263,Low Burnout,0,0,34.3,26.7,41.8,35.4,normal
2023-10-20,0.3714834271531424,0.29774621694633585,0.43668279204556176,0.3546671760409597,STU_0263,Low Burnout,0,0,37.1,29.8,43.7,35.4,normal
2023-10-21,0.34491404883341426,0.2787497029101126,0.4209262955313836,0.35431546927913965,STU_0263,Low Burnout,0,0,34.5,27.9,42.1,35.4,normal
2023-10-22,0.3611231028754698,0.29191900080639177,0.4304115914123615,0.3540070061547544,STU_0263,Low Burnout,0,0,36.1,29.2,43.0,35.4,normal
2023-10-23,0.35502148281374385,0.2868956308551361,0.42134253738561206,0.3536985430303692,STU_0263,Low Burnout,0,0,35.5,28.7,42.1,35.4,normal
2023-10-24,0.35443262398049724,0.28024138194567816,0.42493361601227353,0.3533900799059839,STU_0263,Low Burnout,0,0,35.4,28.0,42.5,35.4,normal
2023-10-25,0.34772140701729204,0.27617600419859517,0.4228793177335227,0.3530816310810457,STU_0263,Low Burnout,0,0,34.8,27.6,42.3,35.4,normal
2023-10-26,0.34123699507473115,0.27268049851134335,0.4177735795133023,0.3527731822561074,STU_0263,Low Burnout,0,0,34.1,27.3,41.8,35.4,normal
2023-10-27,0.3692809845433571,0.2999843665483373,0.4430001097617529,0.3524647334311691,STU_0263,Low Burnout,0,0,36.9,30.0,44.3,35.4,normal
2023-10-28,0.3427548641604864,0.2757311271129511,0.4116072522840371,0.3521562846062308,STU_0263,Low Burnout,0,0,34.3,27.6,41.2,35.4,normal
2023-10-29,0.35896393250807784,0.2907877883237454,0.4247205557961209,0.3518478357873216,STU_0263,Low Burnout,0,0,35.9,29.1,42.5,35.4,normal
2023-10-30,0.3528623267518059,0.2782095357679216,0.42148950618757836,0.3515393869684124,STU_0263,Low Burnout,0,0,35.3,27.8,42.1,35.4,normal
2023-10-31,0.352273482224067,0.28418778981466297,0.42339942422111276,0.3512309381495033,STU_0263,Low Burnout,0,0,35.2,28.4,42.3,35.4,normal
2023-11-01,0.3455622652669237,0.2739374796519887,0.413226059245482,0.35092248933059406,STU_0263,Low Burnout,0,0,34.6,27.4,41.3,35.4,normal
2023-11-02,0.33907785334246576,0.27017595642759173,0.4088814944368011,0.3506140405238918,STU_0263,Low Burnout,0,0,33.9,27.0,40.9,35.4,normal
2023-11-03,0.3671218428293828,0.2986107366830468,0.43371005124230927,0.35030559171718945,STU_0263,Low Burnout,0,0,36.7,29.9,43.4,35.4,normal
2023-11-04,0.3405957224647741,0.26763832359623574,0.4143042996258799,0.34999714291048717,STU_0263,Low Burnout,0,0,34.1,26.8,41.4,35.4,normal
2023-11-05,0.35680479074821875,0.2861808360764882,0.427147929323987,0.34968869402753877,STU_0263,Low Burnout,0,0,35.7,28.6,42.7,35.4,normal
2023-11-06,0.35070318492793323,0.2727713286374502,0.41643434632329956,0.34938024514459043,STU_0263,Low Burnout,0,0,35.1,27.3,41.6,35.4,normal
2023-11-07,0.3501143403361787,0.27833861229851564,0.42446613747807715,0.34907179626164203,STU_0263,Low Burnout,0,0,35.0,27.8,42.4,35.4,normal
2023-11-08,0.3434031233149666,0.27596734855069904,0.4125426927582688,0.34876334737869363,STU_0263,Low Burnout,0,0,34.3,27.6,41.3,35.4,normal
2023-11-09,0.33691871129656603,0.2691834262325217,0.40616858212779977,0.34845489847799943,STU_0263,Low Burnout,0,0,33.7,26.9,40.6,35.4,normal
2023-11-10,0.364962700689504,0.2935991876072991,0.44225682927594434,0.3481464495773053,STU_0263,Low Burnout,0,0,36.5,29.4,44.2,35.4,normal
2023-11-11,0.33843658023087897,0.27182146566097476,0.41356800974376645,0.347838000676611,STU_0263,Low Burnout,0,0,33.8,27.2,41.4,35.4,normal
2023-11-12,0.3546456486611483,0.2900324861741866,0.42353115289551474,0.3475295519404275,STU_0263,Low Burnout,0,0,35.5,29.0,42.4,35.4,normal
2023-11-13,0.3485440429876752,0.2758196889807088,0.41983568123822185,0.34722110320424404,STU_0263,Low Burnout,0,0,34.9,27.6,42.0,35.4,normal
2023-11-14,0.3479551985425702,0.27765016864950376,0.411262487928192,0.3469126544680605,STU_0263,Low Burnout,0,0,34.8,27.8,41.1,35.4,normal
2023-11-15,0.3412439816681779,0.26865033160443486,0.4102399967296097,0.34660420573187706,STU_0263,Low Burnout,0,0,34.1,26.9,41.0,35.4,normal
2023-11-16,0.3347595698084962,0.25989017812251847,0.4120954586095157,0.3462957569899307,STU_0263,Low Burnout,0,0,33.5,26.0,41.2,35.4,normal
2023-11-17,0.3628035593601706,0.28924353808387604,0.4386488928772551,0.34598730824798435,STU_0263,Low Burnout,0,0,36.3,28.9,43.9,35.4,normal
2023-11-18,0.33627743906030366,0.2671159618227162,0.4035815655887634,0.345678859506038,STU_0263,Low Burnout,0,0,33.6,26.7,40.4,35.4,normal
2023-11-19,0.35248650754226535,0.2837174951215532,0.4199304621799729,0.3453704108215037,STU_0263,Low Burnout,0,0,35.2,28.4,42.0,35.4,normal
2023-11-20,0.3463849019203334,0.27456557857488634,0.4134972736942382,0.34506196213696944,STU_0263,Low Burnout,0,0,34.6,27.5,41.3,35.4,normal
2023-11-21,0.34579605752691767,0.27822356881800886,0.4135722987885988,0.3447535134524351,STU_0263,Low Burnout,0,0,34.6,27.8,41.4,35.4,normal
2023-11-22,0.3390848407042149,0.264854100869077,0.4120385735418936,0.3444450647679008,STU_0263,Low Burnout,0,0,33.9,26.5,41.2,35.4,normal
2023-11-23,0.33260042893017266,0.26154299393299363,0.4020752065118325,0.34413661611155955,STU_0263,Low Burnout,0,0,33.3,26.2,40.2,35.4,normal
2023-11-24,0.3606444185674277,0.2921283816966967,0.4259371074429345,0.34382816745521827,STU_0263,Low Burnout,0,0,36.1,29.2,42.6,35.4,normal
2023-11-25,0.33411829835314033,0.2712995595829685,0.4091298903058344,0.343519718798877,STU_0263,Low Burnout,0,0,33.4,27.1,40.9,35.4,normal
2023-11-26,0.35032736682658333,0.28721015161415403,0.41895887079920363,0.34321127010587654,STU_0263,Low Burnout,0,0,35.0,28.7,41.9,35.4,normal
2023-11-27,0.34422576119625886,0.2738120389244864,0.4116491118879149,0.3429028214128761,STU_0263,Low Burnout,0,0,34.4,27.4,41.2,35.4,normal
2023-11-28,0.34363691679440866,0.27229855931721214,0.4136123960126754,0.3425943727198757,STU_0263,Low Burnout,0,0,34.4,27.2,41.4,35.4,normal
2023-11-29,0.3369256999632026,0.2606796941838751,0.402808553487591,0.34228592402687524,STU_0263,Low Burnout,0,0,33.7,26.1,40.3,35.4,normal
2023-11-30,0.3304412881589167,0.2505289247028135,0.407869596553965,0.341977475340256,STU_0263,Low Burnout,0,0,33.0,25.1,40.8,35.4,normal
2023-12-01,0.35848527776582656,0.2983069575267835,0.43089425169499973,0.34166902665363674,STU_0263,Low Burnout,0,0,35.8,29.8,43.1,35.4,normal
2023-12-02,0.3319591575213289,0.2731833170652581,0.4020922341834675,0.3413605779670175,STU_0263,Low Burnout,0,0,33.2,27.3,40.2,35.4,normal
2023-12-03,0.3481682260011459,0.2774363279958602,0.4230587119390006,0.34105212928039824,STU_0263,Low Burnout,0,0,34.8,27.7,42.3,35.4,normal
2023-12-04,0.3420666203771111,0.26787407161342003,0.4127242339762064,0.340743680593779,STU_0263,Low Burnout,0,0,34.2,26.8,41.3,35.4,normal
2023-12-05,0.3414777759815883,0.2643541295158834,0.41091017199477337,0.3404352319071598,STU_0263,Low Burnout,0,0,34.1,26.4,41.1,35.4,normal
2023-12-06,0.33476655915689585,0.2656904549477924,0.41086027193249536,0.3401267832205406,STU_0263,Low Burnout,0,0,33.5,26.6,41.1,35.4,normal
2023-12-07,0.3282821473525322,0.25306573164102797,0.3934152257778686,0.3398183345339213,STU_0263,Low Burnout,0,0,32.8,25.3,39.3,35.4,normal
2023-12-08,0.3563261369594972,0.2863300740068107,0.42843505856757436,0.339509885847302,STU_0263,Low Burnout,0,0,35.6,28.6,42.8,35.4,normal
2023-12-09,0.32980001671497516,0.26993508121373555,0.4040559117813251,0.3392014371606828,STU_0263,Low Burnout,0,0,33.0,27.0,40.4,35.4,normal
2023-12-10,0.3460090851948042,0.27894427987550785,0.41765527528574403,0.3388929884740636,STU_0263,Low Burnout,0,0,34.6,27.9,41.8,35.4,normal
2023-12-11,0.33990747957072576,0.2678820999275446,0.40929024707143496,0.33858453978744435,STU_0263,Low Burnout,0,0,34.0,26.8,40.9,35.4,normal
2023-12-12,0.3393186351753558,0.268477762475672,0.4183941172623998,0.33827609110082507,STU_0263,Low Burnout,0,0,33.9,26.8,41.8,35.4,normal
2023-12-13,0.3326074183505744,0.2567491830979511,0.3983460298988807,0.33796764241420585,STU_0263,Low Burnout,0,0,33.3,25.7,39.8,35.4,normal
2023-12-14,0.32612300654624515,0.25632984451680674,0.39659705870085643,0.3376591937275866,STU_0263,Low Burnout,0,0,32.6,25.6,39.7,35.4,normal
2023-12-15,0.35416699615315006,0.2840394118736514,0.427034152171326,0.33735074504096735,STU_0263,Low Burnout,0,0,35.4,28.4,42.7,35.4,normal
2023-12-16,0.3276408759086381,0.2605766389276092,0.40235237930363815,0.33704229635434807,STU_0263,Low Burnout,0,0,32.8,26.1,40.2,35.4,normal
2023-12-17,0.3438499443884411,0.2712158589121369,0.4102726192035278,0.33673384766772885,STU_0263,Low Burnout,0,0,34.4,27.1,41.0,35.4,normal
2023-12-18,0.33774833876447935,0.2672734221555389,0.40308722143041803,0.3364253989811096,STU_0263,Low Burnout,0,0,33.8,26.7,40.3,35.4,normal
2023-12-19,0.3371594943689167,0.26113769495264727,0.4131781910198473,0.3361169502944904,STU_0263,Low Burnout,0,0,33.7,26.1,41.3,35.4,normal
2023-12-20,0.33044827754418293,0.2587342841561432,0.396522768182454,0.3358085016078711,STU_0263,Low Burnout,0,0,33.0,25.9,39.7,35.4,normal
2023-12-21,0.32396386573990926,0.2519658836319314,0.39875866036808244,0.33550005292125185,STU_0263,Low Burnout,0,0,32.4,25.2,39.9,35.4,low
2023-12-22,0.3520078553468029,0.2844752302286824,0.4218565412721373,0.3351916042346326,STU_0263,Low Burnout,0,0,35.2,28.4,42.2,35.4,normal
2023-12-23,0.32548173510228445,0.2607725151696665,0.3950065762836386,0.3348831555480134,STU_0263,Low Burnout,0,0,32.5,26.1,39.5,35.4,low
2023-12-24,0.34169080358209936,0.26748535722406386,0.41787988958172223,0.3345747068613941,STU_0263,Low Burnout,0,0,34.2,26.7,41.8,35.4,normal
2023-12-25,0.33558919795809394,0.2708006411064946,0.4046590063608886,0.3342662581747749,STU_0263,Low Burnout,0,0,33.6,27.1,40.5,35.4,normal
2023-12-26,0.33500035356263236,0.2543394960311055,0.4009943316946813,0.3339578094881557,STU_0263,Low Burnout,0,0,33.5,25.4,40.1,35.4,normal
2023-12-27,0.3282891367378616,0.25731812694477063,0.39379018257947096,0.33364936080153645,STU_0263,Low Burnout,0,0,32.8,25.7,39.4,35.4,normal
2023-12-28,0.3218047249335184,0.24851662372779967,0.3850362754305434,0.3333409121149171,STU_0263,Low Burnout,0,0,32.2,24.9,38.5,35.4,low
2023-12-29,0.3498487145404913,0.27357358107926827,0.4208305237640469,0.3330324634282979,STU_0263,Low Burnout,0,0,35.0,27.4,42.1,35.4,normal
2023-09-01,0.28662455705475537,0.21809971198472822,0.35772169313969016,0.28436585754896665,STU_0367,Medium Burnout,0,0,28.7,21.8,35.8,27.5,normal
2023-09-02,0.28842321148817357,0.2139473620020397,0.3659629536511706,0.2841967113381836,STU_0367,Medium Burnout,0,0,28.8,21.4,36.6,27.5,normal
2023-09-03,0.2908904112333878,0.2178098086265229,0.36150659682811187,0.28402756512740046,STU_0367,Medium Burnout,0,0,29.1,21.8,36.2,27.5,normal
2023-09-04,0.2709076925640399,0.19827247787850721,0.340812532044119,0.2838584189166174,STU_0367,Medium Burnout,0,0,27.1,19.8,34.1,27.5,normal
2023-09-05,0.27692125872408613,0.20344673460962331,0.3455600815090036,0.2836892727058343,STU_0367,Medium Burnout,0,0,27.7,20.3,34.6,27.5,normal
2023-09-06,0.2957307261593659,0.21999773754010968,0.3726635344147708,0.2835201264976904,STU_0367,Medium Burnout,0,0,29.6,22.0,37.3,27.5,normal
2023-09-07,0.27751107520040386,0.21616923663341692,0.3526179879017218,0.2833509802895465,STU_0367,Medium Burnout,0,0,27.8,21.6,35.3,27.5,normal
2023-09-08,0.2854405335872017,0.20673457073057208,0.3607456500774471,0.2831818340814025,STU_0367,Medium Burnout,0,0,28.5,20.7,36.1,27.5,normal
2023-09-09,0.28723918801922793,0.21277274767647056,0.35885090198549346,0.2830126878692492,STU_0367,Medium Burnout,0,0,28.7,21.3,35.9,27.5,normal
2023-09-10,0.2897063877630622,0.22430318851447495,0.3627972855187787,0.28284354165709585,STU_0367,Medium Burnout,0,0,29.0,22.4,36.3,27.5,normal
2023-09-11,0.26972366909235607,0.19399610576505685,0.3449565892869252,0.28267439544494255,STU_0367,Medium Burnout,0,0,27.0,19.4,34.5,27.5,normal
2023-09-12,0.2757372352510845,0.19910029972043983,0.3520031396958406,0.28250524923278914,STU_0367,Medium Burnout,0,0,27.6,19.9,35.2,27.5,normal
2023-09-13,0.2945467026914374,0.22375241253822623,0.3651823767871176,0.28233610302975387,STU_0367,Medium Burnout,0,0,29.5,22.4,36.5,27.5,normal
2023-09-14,0.2763270517375771,0.19987070482285996,0.34774266409147386,0.2821669568267186,STU_0367,Medium Burnout,0,0,27.6,20.0,34.8,27.5,normal
2023-09-15,0.2842565101294877,0.2116273857508368,0.35581125309870915,0.28199781062368334,STU_0367,Medium Burnout,0,0,28.4,21.2,35.6,27.5,normal
2023-09-16,0.28605516457056807,0.2129954289210725,0.353798408910858,0.2818286644206125,STU_0367,Medium Burnout,0,0,28.6,21.3,35.4,27.5,normal
2023-09-17,0.28852236432348694,0.21229876009841323,0.36164415465012434,0.28165951821754165,STU_0367,Medium Burnout,0,0,28.9,21.2,36.2,27.5,normal
2023-09-18,0.2685396456619304,0.1890035668696599,0.34008713543080493,0.28149037201447086,STU_0367,Medium Burnout,0,0,26.9,18.9,34.0,27.5,normal
2023-09-19,0.2745532118296602,0.19624787207576141,0.3476213492897392,0.2813212258114,STU_0367,Medium Burnout,0,0,27.5,19.6,34.8,27.5,normal
2023-09-20,0.29336267926507315,0.21842681608110853,0.3631922216369836,0.2811520796034109,STU_0367,Medium Burnout,0,0,29.3,21.8,36.3,27.5,normal
2023-09-21,0.27514302830626813,0.19827604568471754,0.33967491774523595,0.2809829333954218,STU_0367,Medium Burnout,0,0,27.5,19.8,34.0,27.5,normal
2023-09-22,0.283072486693207,0.20782944507652565,0.3585523492826739,0.2808137871874327,STU_0367,Medium Burnout,0,0,28.3,20.8,35.9,27.5,normal
2023-09-23,0.2848711411199982,0.21182104931018253,0.3579453025722695,0.28064464097005387,STU_0367,Medium Burnout,0,0,28.5,21.2,35.8,27.5,normal
2023-09-24,0.28733834085859944,0.22015350277296003,0.3591646876122582,0.28047549475267514,STU_0367,Medium Burnout,0,0,28.7,22.0,35.9,27.5,normal
2023-09-25,0.2673556221827185,0.19265595822054793,0.3380340324025615,0.28030634853529635,STU_0367,Medium Burnout,0,0,26.7,19.3,33.8,27.5,normal
2023-09-26,0.27336918833622137,0.2034471813211629,0.341608963167098,0.28013720231791767,STU_0367,Medium Burnout,0,0,27.3,20.3,34.2,27.5,normal
2023-09-27,0.2921786557570696,0.2268632519753482,0.3613733804749452,0.2799680560954067,STU_0367,Medium Burnout,0,0,29.2,22.7,36.1,27.5,normal
2023-09-28,0.2739590047837299,0.2021363580232018,0.34126827178094415,0.27979890987289574,STU_0367,Medium Burnout,0,0,27.4,20.2,34.1,27.5,normal
2023-09-29,0.28188846315615906,0.20246077312602562,0.34989120990957906,0.2796297636503848,STU_0367,Medium Burnout,0,0,28.2,20.2,35.0,27.5,normal
2023-09-30,0.28368711758232235,0.1993056037859275,0.3565092858878138,0.27946061743234385,STU_0367,Medium Burnout,0,0,28.4,19.9,35.7,27.5,normal
2023-10-01,0.28615431732024194,0.21397717113012046,0.36288015932924467,0.2792914712143029,STU_0367,Medium Burnout,0,0,28.6,21.4,36.3,27.5,normal
2023-10-02,0.26617159864368856,0.19470164090020342,0.3403091870201648,0.279122324996262,STU_0367,Medium Burnout,0,0,26.6,19.5,34.0,27.5,normal
2023-10-03,0.27218516479656835,0.19535099718135301,0.3425731351679768,0.27895317877822107,STU_0367,Medium Burnout,0,0,27.2,19.5,34.3,27.5,normal
2023-10-04,0.29099463223385663,0.2230527390828958,0.35841629876681,0.278784032572215,STU_0367,Medium Burnout,0,0,29.1,22.3,35.8,27.5,normal
2023-10-05,0.272774981277031,0.20029103517735997,0.34568614920935037,0.27861488636620896,STU_0367,Medium Burnout,0,0,27.3,20.0,34.6,27.5,normal
2023-10-06,0.2807044396659876,0.21019766622590463,0.35662661380376076,0.2784457401602029,STU_0367,Medium Burnout,0,0,28.1,21.0,35.7,27.5,normal
2023-10-07,0.282503094104164,0.20500185379875388,0.3535906699845657,0.2782765939541968,STU_0367,Medium Burnout,0,0,28.3,20.5,35.4,27.5,normal
2023-10-08,0.2849702938662922,0.22137071218012047,0.3719394192069482,0.2781074477603032,STU_0367,Medium Burnout,0,0,28.5,22.1,37.2,27.5,normal
2023-10-09,0.2649875752138689,0.18910576076867835,0.3369622394994802,0.2779383015664097,STU_0367,Medium Burnout,0,0,26.5,18.9,33.7,27.5,normal
2023-10-10,0.2710011413908282,0.19536592806530165,0.35086345773821065,0.2777691553725161,STU_0367,Medium Burnout,0,0,27.1,19.5,35.1,27.5,normal
2023-10-11,0.2898106088244907,0.21984459260115005,0.3539730864632796,0.27760000916281186,STU_0367,Medium Burnout,0,0,29.0,22.0,35.4,27.5,normal
2023-10-12,0.2715909578639308,0.1965127779168249,0.34764251828017473,0.2774308629531076,STU_0367,Medium Burnout,0,0,27.2,19.7,34.8,27.5,normal
2023-10-13,0.27952041624915797,0.20448558364144825,0.35139737843766294,0.2772617167434033,STU_0367,Medium Burnout,0,0,28.0,20.4,35.1,27.5,normal
2023-10-14,0.28131907068365497,0.21264420287188385,0.3496758165899638,0.27709257053369907,STU_0367,Medium Burnout,0,0,28.1,21.3,35.0,27.5,normal
2023-10-15,0.2837862704447809,0.20619416154410566,0.35755646080952336,0.2769234243387772,STU_0367,Medium Burnout,0,0,28.4,20.6,35.8,27.5,normal
2023-10-16,0.2638035517913188,0.18674201713544963,0.33392818606033975,0.2767542781438553,STU_0367,Medium Burnout,0,0,26.4,18.7,33.4,27.5,normal
2023-10-17,0.26981711796728897,0.1978313988684904,0.34269581286624046,0.27658513194893336,STU_0367,Medium Burnout,0,0,27.0,19.8,34.3,27.5,normal
2023-10-18,0.2886265854185202,0.22274001718571446,0.3679143968187585,0.27641598575686255,STU_0367,Medium Burnout,0,0,28.9,22.3,36.8,27.5,normal
2023-10-19,0.27040693447563974,0.19453300858130398,0.3349046272777338,0.27624683956479174,STU_0367,Medium Burnout,0,0,27.0,19.5,33.5,27.5,normal
2023-10-20,0.278336392878486,0.20407411681041224,0.3515632126562808,0.27607769337272087,STU_0367,Medium Burnout,0,0,27.8,20.4,35.2,27.5,normal
2023-10-21,0.28013504733064015,0.2022652237297567,0.35063865260497745,0.27590854718065005,STU_0367,Medium Burnout,0,0,28.0,20.2,35.1,27.5,normal
2023-10-22,0.28260224709065973,0.21175847666512473,0.35469369985059324,0.27573940098471283,STU_0367,Medium Burnout,0,0,28.3,21.2,35.5,27.5,normal
2023-10-23,0.2626195284362436,0.18274664663749596,0.3346090897958634,0.27557025478877567,STU_0367,Medium Burnout,0,0,26.3,18.3,33.5,27.5,normal
2023-10-24,0.2686330946111259,0.19446758728175154,0.33787086592728643,0.27540110859283845,STU_0367,Medium Burnout,0,0,26.9,19.4,33.8,27.5,normal
2023-10-25,0.28744256205903423,0.2202027018586464,0.36243355995753734,0.27523196239739783,STU_0367,Medium Burnout,0,0,28.7,22.0,36.2,27.5,normal
2023-10-26,0.26922291111280633,0.19997447374167746,0.347777399011323,0.27506281620195716,STU_0367,Medium Burnout,0,0,26.9,20.0,34.8,27.5,normal
2023-10-27,0.27715236951228683,0.1974193624046161,0.349728638103937,0.2748936700065165,STU_0367,Medium Burnout,0,0,27.7,19.7,35.0,27.5,normal
2023-10-28,0.2789510239610546,0.20331809879237167,0.3467457609339169,0.27472452381107576,STU_0367,Medium Burnout,0,0,27.9,20.3,34.7,27.5,normal
2023-10-29,0.2814182236909434,0.20907463676579888,0.3549325035956179,0.2745553775849817,STU_0367,Medium Burnout,0,0,28.1,20.9,35.5,27.5,normal
2023-10-30,0.26143550500636,0.1929704387213632,0.33039097671614637,0.27438623135888773,STU_0367,Medium Burnout,0,0,26.1,19.3,33.0,27.5,normal
2023-10-31,0.26744907115112465,0.1959322991266168,0.33712661031600205,0.2742170851327937,STU_0367,Medium Burnout,0,0,26.7,19.6,33.7,27.5,normal
2023-11-01,0.28625853856837336,0.20951281162494806,0.3517305846945775,0.2740479389066997,STU_0367,Medium Burnout,0,0,28.6,21.0,35.2,27.5,normal
2023-11-02,0.2680356705340389,0.19098609584695203,0.33312063028910693,0.2738755756232152,STU_0367,Medium Burnout,0,0,26.8,19.1,33.3,27.5,normal
2023-11-03,0.2759619118455062,0.20188753190382364,0.3487329602717944,0.27370321233973066,STU_0367,Medium Burnout,0,0,27.6,20.2,34.9,27.5,normal
2023-11-04,0.2777573492062019,0.20781431389947036,0.3549305513983572,0.27353084905624614,STU_0367,Medium Burnout,0,0,27.8,20.8,35.5,27.5,normal
2023-11-05,0.2802213218592118,0.20071857465788318,0.34905461303971735,0.27335847575323596,STU_0367,Medium Burnout,0,0,28.0,20.1,34.9,27.5,normal
2023-11-06,0.2602353760976607,0.18473146461504336,0.327686723969742,0.2731861024502258,STU_0367,Medium Burnout,0,0,26.0,18.5,32.8,27.5,normal
2023-11-07,0.2662457151655508,0.1867702443472017,0.34506558222365546,0.2730137291472156,STU_0367,Medium Burnout,0,0,26.6,18.7,34.5,27.5,normal
2023-11-08,0.2850519555058578,0.21108977680499977,0.3532642870782509,0.2728413558442054,STU_0367,Medium Burnout,0,0,28.5,21.1,35.3,27.5,normal
2023-11-09,0.26682907607958994,0.18985745379203603,0.34565520286992324,0.27266898116871485,STU_0367,Medium Burnout,0,0,26.7,19.0,34.6,27.5,normal
2023-11-10,0.27475530599900505,0.20075458887824466,0.34442899969458773,0.27249660649322427,STU_0367,Medium Burnout,0,0,27.5,20.1,34.4,27.5,normal
2023-11-11,0.27655073196767815,0.2059510510408732,0.34636698646319974,0.27232423181773374,STU_0367,Medium Burnout,0,0,27.7,20.6,34.6,27.5,normal
2023-11-12,0.27901139044399353,0.20572498408340786,0.34890339873204207,0.27214854433800295,STU_0367,Medium Burnout,0,0,27.9,20.6,34.9,27.5,normal
2023-11-13,0.2590221305057531,0.18747398317019043,0.3294508151279002,0.27197285685827216,STU_0367,Medium Burnout,0,0,25.9,18.7,32.9,27.5,normal
2023-11-14,0.2650291553968807,0.1916063729161815,0.3385299514033871,0.27179716937854137,STU_0367,Medium Burnout,0,0,26.5,19.2,33.9,27.5,normal
2023-11-15,0.2838320815604635,0.20947343124420417,0.35260938349237086,0.2716214818988105,STU_0367,Medium Burnout,0,0,28.4,20.9,35.3,27.5,normal
2023-11-16,0.26560583804533416,0.18841971415676065,0.3445843618339705,0.27144574313447123,STU_0367,Medium Burnout,0,0,26.6,18.8,34.5,27.5,normal
2023-11-17,0.2735287038759231,0.20529513921634876,0.3517388986897027,0.2712700043701319,STU_0367,Medium Burnout,0,0,27.4,20.5,35.2,27.5,normal
2023-11-18,0.27532076575574843,0.20725299906987713,0.34422274999149877,0.2710942656057926,STU_0367,Medium Burnout,0,0,27.5,20.7,34.4,27.5,normal
2023-11-19,0.2777813615105693,0.19788547864747755,0.3452349328893209,0.270918515404564,STU_0367,Medium Burnout,0,0,27.8,19.8,34.5,27.5,normal
2023-11-20,0.2577920388508074,0.1895191839329178,0.33570382491989886,0.2707427652033355,STU_0367,Medium Burnout,0,0,25.8,19.0,33.6,27.5,normal
2023-11-21,0.26379900102045045,0.19127883295973921,0.3364082471367722,0.27056701500210695,STU_0367,Medium Burnout,0,0,26.4,19.1,33.6,27.5,normal
2023-11-22,0.2826018644625394,0.2066795857224802,0.3585923296073628,0.2703912648008784,STU_0367,Medium Burnout,0,0,28.3,20.7,35.9,27.5,normal
2023-11-23,0.26437560948554145,0.19381695535495586,0.3321422184780591,0.27021551457467735,STU_0367,Medium Burnout,0,0,26.4,19.4,33.2,27.5,normal
2023-11-24,0.2722984638542675,0.19978616346951655,0.3467964444065277,0.2700397643484763,STU_0367,Medium Burnout,0,0,27.2,20.0,34.7,27.5,normal
2023-11-25,0.2740905142722426,0.20548555146049458,0.34661786419592877,0.2698640141222753,STU_0367,Medium Burnout,0,0,27.4,20.5,34.7,27.5,normal
2023-11-26,0.2765511099754032,0.20491709234979816,0.351021630734995,0.2696882638694547,STU_0367,Medium Burnout,0,0,27.7,20.5,35.1,27.5,normal
2023-11-27,0.2565617872641104,0.18478643658252897,0.3347244261210612,0.26951251361663414,STU_0367,Medium Burnout,0,0,25.7,18.5,33.5,27.5,normal
2023-11-28,0.2625687493822006,0.19344835624051543,0.3369397943059225,0.26933676336381357,STU_0367,Medium Burnout,0,0,26.3,19.3,33.7,27.5,normal
2023-11-29,0.281371612772662,0.21359538916788942,0.3501420066405086,0.269161013110993,STU_0367,Medium Burnout,0,0,28.1,21.4,35.0,27.5,normal
2023-11-30,0.2631453577496064,0.18810339099487758,0.3418387018423999,0.26898526283874113,STU_0367,Medium Burnout,0,0,26.3,18.8,34.2,27.5,normal
2023-12-01,0.27106821207225573,0.19968593730511394,0.33805257534992983,0.2688095125664894,STU_0367,Medium Burnout,0,0,27.1,20.0,33.8,27.5,normal
2023-12-02,0.27286026244420447,0.20122191207132037,0.3461633351231801,0.2686337622942375,STU_0367,Medium Burnout,0,0,27.3,20.1,34.6,27.5,normal
2023-12-03,0.27532085812794893,0.20411005233273175,0.3479630322767687,0.2684580120219857,STU_0367,Medium Burnout,0,0,27.5,20.4,34.8,27.5,normal
2023-12-04,0.25533153539717285,0.17873665784055223,0.3129794238786616,0.2682822617497339,STU_0367,Medium Burnout,0,0,25.5,17.9,31.3,27.5,normal
2023-12-05,0.26133849749583393,0.1797516781779692,0.33339196161791734,0.26810651147748205,STU_0367,Medium Burnout,0,0,26.1,18.0,33.3,27.5,normal
2023-12-06,0.28014136086689984,0.21342125952207308,0.35386168885869673,0.26793076120523024,STU_0367,Medium Burnout,0,0,28.0,21.3,35.4,27.5,normal
2023-12-07,0.26191510584381816,0.19008226149950586,0.34534933672279833,0.2677550109329784,STU_0367,Medium Burnout,0,0,26.2,19.0,34.5,27.5,normal
2023-12-08,0.2698379601664982,0.19583151642528504,0.33915363491469686,0.2675792606607266,STU_0367,Medium Burnout,0,0,27.0,19.6,33.9,27.5,normal
2023-12-09,0.27163001053843044,0.19863459658808744,0.34209349605210554,0.26740351038847476,STU_0367,Medium Burnout,0,0,27.2,19.9,34.2,27.5,normal
2023-12-10,0.2740906062221652,0.20396735805867955,0.34730453132157485,0.26722776011622296,STU_0367,Medium Burnout,0,0,27.4,20.4,34.7,27.5,normal
2023-12-11,0.25410128349137273,0.1858653321695446,0.3308486165033367,0.26705200984397115,STU_0367,Medium Burnout,0,0,25.4,18.6,33.1,27.5,normal
2023-12-12,0.2601082455900424,0.18398410347356928,0.3386821369197507,0.26687625957171934,STU_0367,Medium Burnout,0,0,26.0,18.4,33.9,27.5,normal
2023-12-13,0.27891110896114507,0.21330015335096816,0.3511313732001624,0.2667005092994675,STU_0367,Medium Burnout,0,0,27.9,21.3,35.1,27.5,normal
2023-12-14,0.2606848539380566,0.1879783740044712,0.32739650323862823,0.2665247590272157,STU_0367,Medium Burnout,0,0,26.1,18.8,32.7,27.5,normal
2023-12-15,0.26860770826074587,0.19228363465694154,0.3387572184786555,0.26634900875496387,STU_0367,Medium Burnout,0,0,26.9,19.2,33.9,27.5,normal
2023-12-16,0.2703997586326792,0.19847177651460154,0.35336502342289383,0.26617325848271206,STU_0367,Medium Burnout,0,0,27.0,19.8,35.3,27.5,normal
2023-12-17,0.27286035431645234,0.20460790443794127,0.3409189164971506,0.2659975082104602,STU_0367,Medium Burnout,0,0,27.3,20.5,34.1,27.5,normal
2023-12-18,0.25287103158565605,0.18955043307625738,0.32612001821487496,0.2658217579382084,STU_0367,Medium Burnout,0,0,25.3,19.0,32.6,27.5,normal
2023-12-19,0.25887799368424447,0.18411592111119915,0.33348966156506255,0.2656460076659566,STU_0367,Medium Burnout,0,0,25.9,18.4,33.3,27.5,normal
2023-12-20,0.2776808570553611,0.20536828917804822,0.3444383235676487,0.2654702573937048,STU_0367,Medium Burnout,0,0,27.8,20.5,34.4,27.5,normal
2023-12-21,0.25945460203228166,0.1885080494385307,0.33058554257197986,0.2652945071214529,STU_0367,Medium Burnout,0,0,25.9,18.9,33.1,27.5,normal
2023-12-22,0.2673774563549936,0.20249689108290805,0.33268459664154637,0.2651187568492011,STU_0367,Medium Burnout,0,0,26.7,20.2,33.3,27.5,normal
2023-12-23,0.26916950672690515,0.19701559173765418,0.3424532689377465,0.2649430065769493,STU_0367,Medium Burnout,0,0,26.9,19.7,34.2,27.5,normal
2023-12-24,0.27163010241066854,0.20006036497137952,0.3384149250443594,0.26476725630469744,STU_0367,Medium Burnout,0,0,27.2,20.0,33.8,27.5,normal
2023-12-25,0.251640779679856,0.18236286172355706,0.32992678747986903,0.2645915060324457,STU_0367,Medium Burnout,0,0,25.2,18.2,33.0,27.5,normal
2023-12-26,0.25764774177852523,0.18188736980983627,0.326666362349723,0.2644157557601938,STU_0367,Medium Burnout,0,0,25.8,18.2,32.7,27.5,normal
2023-12-27,0.2764506051496064,0.19471152416422788,0.34549854971871724,0.264240005487942,STU_0367,Medium Burnout,0,0,27.6,19.5,34.5,27.5,normal
2023-12-28,0.25822435012655703,0.18780640046850142,0.33262172867780515,0.26406425521569016,STU_0367,Medium Burnout,0,0,25.8,18.8,33.3,27.5,normal
2023-12-29,0.26614720444923085,0.1965762064584161,0.34044335042646306,0.2638885049434384,STU_0367,Medium Burnout,0,0,26.6,19.7,34.0,27.5,normal
2023-09-01,0.2010695329814648,0.14803632210272716,0.2535255471022096,0.19625377821749998,STU_0173,High Burnout,0,0,20.1,14.8,25.4,17.3,peak
2023-09-02,0.18856859877792373,0.13359752028432428,0.24144066712291873,0.19581801352372769,STU_0173,High Burnout,0,0,18.9,13.4,24.1,17.3,normal
2023-09-03,0.18350637417500174,0.12620865239249132,0.23081721614073208,0.19538224882995536,STU_0173,High Burnout,0,0,18.4,12.6,23.1,17.3,normal
2023-09-04,0.1993811424915847,0.1474631606071598,0.24666143587952796,0.194946484136183,STU_0173,High Burnout,0,0,19.9,14.7,24.7,17.3,peak
2023-09-05,0.19911006738832163,0.1431319466659594,0.24820514794452356,0.1945107194424107,STU_0173,High Burnout,0,0,19.9,14.3,24.8,17.3,peak
2023-09-06,0.19782493474993204,0.144373598223152,0.24830344437293228,0.1940749547565686,STU_0173,High Burnout,0,0,19.8,14.4,24.8,17.3,peak
2023-09-07,0.19516473841287588,0.14817099767349093,0.24322894283779414,0.19363919007072655,STU_0173,High Burnout,0,0,19.5,14.8,24.3,17.3,normal
2023-09-08,0.19801918014885778,0.1430657726501392,0.25366915493635045,0.19320342538488453,STU_0173,High Burnout,0,0,19.8,14.3,25.4,17.3,peak
2023-09-09,0.18551824594867125,0.13541298597554768,0.24456243081958245,0.19276766069449788,STU_0173,High Burnout,0,0,18.6,13.5,24.5,17.3,normal
2023-09-10,0.1804560213491597,0.1268956580420886,0.23326860537199032,0.1923318960041113,STU_0173,High Burnout,0,0,18.0,12.7,23.3,17.3,normal
2023-09-11,0.19633078966907644,0.14647617295633406,0.2453444411163461,0.19189613131372468,STU_0173,High Burnout,0,0,19.6,14.6,24.5,17.3,peak
2023-09-12,0.19605971456924798,0.1424975602455702,0.24696439143244964,0.1914603666233381,STU_0173,High Burnout,0,0,19.6,14.2,24.7,17.3,peak
2023-09-13,0.19477458193235317,0.1422165157222203,0.24675817734665528,0.19102460193899368,STU_0173,High Burnout,0,0,19.5,14.2,24.7,17.3,normal
2023-09-14,0.19211438559679245,0.1376052096963917,0.24498921392821968,0.19058883725464923,STU_0173,High Burnout,0,0,19.2,13.8,24.5,17.3,normal
2023-09-15,0.1949688273342693,0.14495908079869815,0.24874112756080485,0.19015307257030475,STU_0173,High Burnout,0,0,19.5,14.5,24.9,17.3,normal
2023-09-16,0.18246789314755013,0.12635521346674514,0.22993177776206836,0.18971730789333333,STU_0173,High Burnout,0,0,18.2,12.6,23.0,17.3,normal
2023-09-17,0.17740566856141235,0.12513897616864367,0.22719268280252408,0.1892815432163619,STU_0173,High Burnout,0,0,17.7,12.5,22.7,17.3,normal
2023-09-18,0.19328043689476349,0.14509180113684142,0.24552731811369374,0.18884577853939044,STU_0173,High Burnout,0,0,19.3,14.5,24.6,17.3,normal
2023-09-19,0.1930093618083237,0.13156326181936787,0.2429894989216185,0.188410013862419,STU_0173,High Burnout,0,0,19.3,13.2,24.3,17.3,normal
2023-09-20,0.19172422918124524,0.13817338998689774,0.24789041474677437,0.18797424918788366,STU_0173,High Burnout,0,0,19.2,13.8,24.8,17.3,normal
2023-09-21,0.18906403285549822,0.13524739925731216,0.24174804722362558,0.1875384845133483,STU_0173,High Burnout,0,0,18.9,13.5,24.2,17.3,normal
2023-09-22,0.1919184746027953,0.13843615791817523,0.2506768617444062,0.187102719838813,STU_0173,High Burnout,0,0,19.2,13.8,25.1,17.3,normal
2023-09-23,0.17941754042094873,0.1220923483807801,0.2308677610795347,0.1866669551667546,STU_0173,High Burnout,0,0,17.9,12.2,23.1,17.3,normal
2023-09-24,0.1743553158397487,0.12605847660835467,0.23022839114906662,0.18623119049469622,STU_0173,High Burnout,0,0,17.4,12.6,23.0,17.3,normal
2023-09-25,0.19023008417801282,0.13611897458849767,0.23770765410864372,0.18579542582263783,STU_0173,High Burnout,0,0,19.0,13.6,23.8,17.3,normal
2023-09-26,0.18995900909648308,0.13523027777392482,0.24220096371410257,0.18535966115057945,STU_0173,High Burnout,0,0,19.0,13.5,24.2,17.3,normal
2023-09-27,0.18867387647399103,0.1347387076256502,0.2468184100374555,0.18492389648061927,STU_0173,High Burnout,0,0,18.9,13.5,24.7,17.3,normal
2023-09-28,0.18601368015281575,0.13562385786030365,0.2409510727676713,0.18448813181065912,STU_0173,High Burnout,0,0,18.6,13.6,24.1,17.3,normal
2023-09-29,0.1888681219046554,0.13339580900171366,0.23492264826483927,0.18405236714069897,STU_0173,High Burnout,0,0,18.9,13.3,23.5,17.3,normal
2023-09-30,0.17636718776200797,0.11719261528333728,0.22927185686753343,0.18361660250780037,STU_0173,High Burnout,0,0,17.6,11.7,22.9,17.3,normal
2023-10-01,0.1713049632199717,0.1210016018431278,0.22498314342084713,0.1831808378749018,STU_0173,High Burnout,0,0,17.1,12.1,22.5,17.3,normal
2023-10-02,0.18717973159738982,0.13343792686114583,0.2363062669365372,0.1827450732420032,STU_0173,High Burnout,0,0,18.7,13.3,23.6,17.3,normal
2023-10-03,0.18690865655500719,0.13579072833410447,0.2424555232106945,0.18230930860910463,STU_0173,High Burnout,0,0,18.7,13.6,24.2,17.3,normal
2023-10-04,0.1856235239724124,0.13585550126306653,0.2400190355929592,0.1818735439790386,STU_0173,High Burnout,0,0,18.6,13.6,24.0,17.3,normal
2023-10-05,0.18296332769113594,0.12889493874281688,0.2343249216690205,0.1814377793489726,STU_0173,High Burnout,0,0,18.3,12.9,23.4,17.3,normal
2023-10-06,0.1858177694828715,0.13933139637696232,0.2384732540144518,0.18100201471890662,STU_0173,High Burnout,0,0,18.6,13.9,23.8,17.3,normal
2023-10-07,0.1733168353430255,0.12361955440684477,0.22928169641488558,0.1805662500888406,STU_0173,High Burnout,0,0,17.3,12.4,22.9,17.3,normal
2023-10-08,0.1682546108212251,0.10978547612968284,0.21932324169397566,0.18013048547618365,STU_0173,High Burnout,0,0,16.8,11.0,21.9,17.3,normal
2023-10-09,0.18412937921887304,0.12882257802674543,0.23550526991690565,0.17969472086352667,STU_0173,High Burnout,0,0,18.4,12.9,23.6,17.3,normal
2023-10-10,0.18385830419676708,0.13260099878226597,0.23744843694986867,0.17925895625086968,STU_0173,High Burnout,0,0,18.4,13.3,23.7,17.3,normal
2023-10-11,0.1825731716498031,0.12978878950830144,0.2365751443680931,0.1788231916564392,STU_0173,High Burnout,0,0,18.3,13.0,23.7,17.3,normal
2023-10-12,0.1799129754041659,0.127684257912912,0.2331905099735729,0.1783874270620087,STU_0173,High Burnout,0,0,18.0,12.8,23.3,17.3,normal
2023-10-13,0.18276741723156084,0.12710100099419405,0.23510521772962586,0.1779516624675782,STU_0173,High Burnout,0,0,18.3,12.7,23.5,17.3,normal
2023-10-14,0.17026648312730994,0.11519688896867046,0.22413036236712186,0.17751589787314773,STU_0173,High Burnout,0,0,17.0,11.5,22.4,17.3,normal
2023-10-15,0.16520425863728289,0.11106345003514853,0.22140380684547242,0.17708013329222402,STU_0173,High Burnout,0,0,16.5,11.1,22.1,17.3,normal
2023-10-16,0.1810790270666583,0.13092655443304496,0.23128788950596973,0.1766443687113003,STU_0173,High Burnout,0,0,18.1,13.1,23.1,17.3,normal
2023-10-17,0.18080795207627287,0.1243283185358515,0.22799463752631177,0.17620860413037656,STU_0173,High Burnout,0,0,18.1,12.4,22.8,17.3,normal
2023-10-18,0.179522820217911,0.1290488822043402,0.2298664584722016,0.17577284022454503,STU_0173,High Burnout,0,0,18.0,12.9,23.0,17.3,normal
2023-10-19,0.17686262466086938,0.12235163206093279,0.2298641907920272,0.17533707631871348,STU_0173,High Burnout,0,0,17.7,12.2,23.0,17.3,normal
2023-10-20,0.179717067176873,0.12925458389170613,0.22868038860532042,0.17490131241288193,STU_0173,High Burnout,0,0,18.0,12.9,22.9,17.3,normal
2023-10-21,0.16721613376122607,0.1215931167229338,0.21669425675596357,0.1744655485070504,STU_0173,High Burnout,0,0,16.7,12.2,21.7,17.3,normal
2023-10-22,0.16215391099411344,0.10523542304058481,0.2163914535853205,0.17402978564906793,STU_0173,High Burnout,0,0,16.2,10.5,21.6,17.3,normal
2023-10-23,0.17802868114645506,0.12333750031954874,0.22961026648504151,0.17359402279108546,STU_0173,High Burnout,0,0,17.8,12.3,23.0,17.3,normal
2023-10-24,0.17775760787901085,0.1208437870777412,0.2336172853378695,0.17315825993310302,STU_0173,High Burnout,0,0,17.8,12.1,23.4,17.3,normal
2023-10-25,0.17647249467347548,0.11907834706426387,0.23065271207685584,0.17272251468010746,STU_0173,High Burnout,0,0,17.6,11.9,23.1,17.3,normal
2023-10-26,0.17381231776926173,0.1187739174484766,0.22388858166098083,0.17228676942711196,STU_0173,High Burnout,0,0,17.4,11.9,22.4,17.3,normal
2023-10-27,0.1766667789380988,0.11889583270260783,0.22354340771761397,0.17185102417411643,STU_0173,High Burnout,0,0,17.7,11.9,22.4,17.3,normal
2023-10-28,0.1641658641752739,0.11076842751357052,0.21366420714439602,0.1714152789211209,STU_0173,High Burnout,0,0,16.4,11.1,21.4,17.3,normal
2023-10-29,0.15910365901841034,0.1025380434648591,0.21106251615900382,0.1709795336733474,STU_0173,High Burnout,0,0,15.9,10.3,21.1,17.3,normal
2023-10-30,0.17497844678095514,0.12152566366588603,0.22285075957272635,0.1705437884255739,STU_0173,High Burnout,0,0,17.5,12.2,22.3,17.3,normal
2023-10-31,0.1747073911237072,0.12277961138696161,0.2268413943145988,0.17010804317780046,STU_0173,High Burnout,0,0,17.5,12.3,22.7,17.3,normal
2023-11-01,0.17342227792338508,0.12064927579363065,0.22525886590082494,0.16967229793002697,STU_0173,High Burnout,0,0,17.3,12.1,22.5,17.3,normal
2023-11-02,0.170762101036478,0.11602194346105006,0.21861208332278764,0.16923655269430868,STU_0173,High Burnout,0,0,17.1,11.6,21.9,17.3,normal
2023-11-03,0.17361656222256402,0.11937210284503456,0.22770426190820003,0.16880080745859039,STU_0173,High Burnout,0,0,17.4,11.9,22.8,17.3,normal
2023-11-04,0.16111564747706852,0.11078976900529305,0.21458876888983708,0.1683650622228721,STU_0173,High Burnout,0,0,16.1,11.1,21.5,17.3,normal
2023-11-05,0.15605344246950006,0.1099803026016468,0.21075713762776058,0.16792931712448103,STU_0173,High Burnout,0,0,15.6,11.0,21.1,17.3,normal
2023-11-06,0.1719282303814732,0.12080247417349531,0.22680574576129842,0.16749357202609003,STU_0173,High Burnout,0,0,17.2,12.1,22.7,17.3,normal
2023-11-07,0.1716571748736026,0.11865236522344608,0.22467013480012166,0.16705782692769897,STU_0173,High Burnout,0,0,17.2,11.9,22.5,17.3,normal
2023-11-08,0.17037206182266815,0.11995133763388928,0.22298175684763652,0.166622081829308,STU_0173,High Burnout,0,0,17.0,12.0,22.3,17.3,normal
2023-11-09,0.16771188507563567,0.11461586822130962,0.21449567877291606,0.16618633673349334,STU_0173,High Burnout,0,0,16.8,11.5,21.4,17.3,normal
2023-11-10,0.17056634640164361,0.11423646827739353,0.21788350814621207,0.16575059163767866,STU_0173,High Burnout,0,0,17.1,11.4,21.8,17.3,normal
2023-11-11,0.15806543179603777,0.10679637987087487,0.20876004610424756,0.165314846541864,STU_0173,High Burnout,0,0,15.8,10.7,20.9,17.3,normal
2023-11-12,0.15300322679036213,0.10498147236141371,0.20608043903317272,0.16487910144532564,STU_0173,High Burnout,0,0,15.3,10.5,20.6,17.3,normal
2023-11-13,0.16887801470419175,0.12213611577805537,0.2239685234962959,0.16444335634878726,STU_0173,High Burnout,0,0,16.9,12.2,22.4,17.3,normal
2023-11-14,0.16860695919814936,0.12104742499518949,0.22402656370008273,0.16400761125224886,STU_0173,High Burnout,0,0,16.9,12.1,22.4,17.3,normal
2023-11-15,0.1673218461490809,0.11655993022367432,0.21715549768245143,0.16357186615571054,STU_0173,High Burnout,0,0,16.7,11.7,21.7,17.3,normal
2023-11-16,0.1646616693995724,0.10832265177986952,0.21380820333261547,0.16313612105742337,STU_0173,High Burnout,0,0,16.5,10.8,21.4,17.3,normal
2023-11-17,0.1675161307231096,0.11163547370137986,0.2194960520552775,0.16270037595913622,STU_0173,High Burnout,0,0,16.8,11.2,21.9,17.3,normal
2023-11-18,0.15501521611501826,0.10329087176804642,0.2053447933137129,0.1622646308608491,STU_0173,High Burnout,0,0,15.5,10.3,20.5,17.3,normal
2023-11-19,0.14995301110528597,0.09743693570240233,0.20088532550522262,0.16182888576023205,STU_0173,High Burnout,0,0,15.0,9.7,20.1,17.3,low
2023-11-20,0.1658277990149696,0.1156464838448236,0.21535337024633355,0.16139314065961505,STU_0173,High Burnout,0,0,16.6,11.6,21.5,17.3,normal
2023-11-21,0.1655567435048954,0.11292933944610799,0.21485113411671472,0.16095739555899802,STU_0173,High Burnout,0,0,16.6,11.3,21.5,17.3,normal
2023-11-22,0.16427163045174745,0.1106605625064028,0.21259405420940997,0.16052165045838102,STU_0173,High Burnout,0,0,16.4,11.1,21.3,17.3,normal
2023-11-23,0.16161145370517377,0.11201558845945056,0.21512633591666463,0.16008590536303086,STU_0173,High Burnout,0,0,16.2,11.2,21.5,17.3,normal
2023-11-24,0.16446591503162822,0.11150934686320091,0.22023975794395959,0.1596501602676807,STU_0173,High Burnout,0,0,16.4,11.2,22.0,17.3,normal
2023-11-25,0.15196500042649508,0.09764810067900714,0.2024535856385502,0.15921441517233054,STU_0173,High Burnout,0,0,15.2,9.8,20.2,17.3,normal
2023-11-26,0.146902795419379,0.0958428368104862,0.20266958013275485,0.15877867007433843,STU_0173,High Burnout,0,0,14.7,9.6,20.3,17.3,low
2023-11-27,0.1627775833317125,0.10668095359504298,0.21124211184017377,0.15834292497634633,STU_0173,High Burnout,0,0,16.3,10.7,21.1,17.3,normal
2023-11-28,0.16250652782425057,0.11177958071704619,0.21489543078532825,0.15790717987835426,STU_0173,High Burnout,0,0,16.3,11.2,21.5,17.3,normal
2023-11-29,0.16122141477372465,0.11109911382720514,0.21282341266967,0.15747143478036213,STU_0173,High Burnout,0,0,16.1,11.1,21.3,17.3,normal
2023-11-30,0.1585612380281241,0.10251194310062792,0.21938954671009647,0.15703568968598733,STU_0173,High Burnout,0,0,15.9,10.3,21.9,17.3,normal
2023-12-01,0.16141569935559497,0.10965112089542041,0.21532963224271642,0.15659994459161256,STU_0173,High Burnout,0,0,16.1,11.0,21.5,17.3,normal
2023-12-02,0.1489147847514638,0.09536627398624876,0.19982166983847235,0.15616419949723775,STU_0173,High Burnout,0,0,14.9,9.5,20.0,17.3,low
2023-12-03,0.14385257974792096,0.09007828480343617,0.1961893486504979,0.15572845440286295,STU_0173,High Burnout,0,0,14.4,9.0,19.6,17.3,low
2023-12-04,0.15972736766385626,0.10409829869843687,0.2148524035985432,0.15529270930848815,STU_0173,High Burnout,0,0,16.0,10.4,21.5,17.3,normal
2023-12-05,0.1594563121600045,0.1058602825167016,0.21607379097078383,0.15485696421411335,STU_0173,High Burnout,0,0,15.9,10.6,21.6,17.3,normal
2023-12-06,0.15817119911311125,0.10304888241413813,0.21492070489621262,0.15442121911973855,STU_0173,High Burnout,0,0,15.8,10.3,21.5,17.3,normal
2023-12-07,0.1555110223675201,0.10465105270515718,0.20477536338656388,0.15398547402536375,STU_0173,High Burnout,0,0,15.6,10.5,20.5,17.3,normal
2023-12-08,0.1583654836949627,0.1060565314714973,0.21268651702033767,0.15354972893098898,STU_0173,High Burnout,0,0,15.8,10.6,21.3,17.3,normal
2023-12-09,0.14586456909081755,0.09702009709337449,0.1960534982598234,0.15311398383661418,STU_0173,High Burnout,0,0,14.6,9.7,19.6,17.3,low
2023-12-10,0.14080236408729938,0.08809388592129144,0.19202868222542815,0.15267823874223935,STU_0173,High Burnout,0,0,14.1,8.8,19.2,17.3,low
2023-12-11,0.15667715200323462,0.10458180356549997,0.20493037168529063,0.15224249364786457,STU_0173,High Burnout,0,0,15.7,10.5,20.5,17.3,normal
2023-12-12,0.15640609649939446,0.10657224245201719,0.2073139740261884,0.15180674855348977,STU_0173,High Burnout,0,0,15.6,10.7,20.7,17.3,normal
2023-12-13,0.15512098345248373,0.09751780233184075,0.2143762284259462,0.15137100345911497,STU_0173,High Burnout,0,0,15.5,9.8,21.4,17.3,normal
2023-12-14,0.15246080670689038,0.09762854408625851,0.20215697945727043,0.15093525836474017,STU_0173,High Burnout,0,0,15.2,9.8,20.2,17.3,normal
2023-12-15,0.1553152680343475,0.09727643896474289,0.20974046887965822,0.15049951327036534,STU_0173,High Burnout,0,0,15.5,9.7,21.0,17.3,normal
2023-12-16,0.1428143534301893,0.08822828686638337,0.1971233602094067,0.15006376817599057,STU_0173,High Burnout,0,0,14.3,8.8,19.7,17.3,low
2023-12-17,0.1377521484266473,0.08926614330351022,0.19152648310148343,0.14962802308161577,STU_0173,High Burnout,0,0,13.8,8.9,19.2,17.3,low
2023-12-18,0.15362693634263236,0.09826909862053024,0.20506842116656732,0.149192277987241,STU_0173,High Burnout,0,0,15.4,9.8,20.5,17.3,normal
2023-12-19,0.15335588083876572,0.10193159704322143,0.20559298095503656,0.1487565328928662,STU_0173,High Burnout,0,0,15.3,10.2,20.6,17.3,normal
2023-12-20,0.15207076779186224,0.09642617804117365,0.19806017163263615,0.1483207877984914,STU_0173,High Burnout,0,0,15.2,9.6,19.8,17.3,normal
2023-12-21,0.14941059104627352,0.09338954564629101,0.207630559253625,0.1478850427041166,STU_0173,High Burnout,0,0,14.9,9.3,20.8,17.3,low
2023-12-22,0.15226505237373236,0.09338985820512176,0.20301525774577922,0.14744929760974176,STU_0173,High Burnout,0,0,15.2,9.3,20.3,17.3,normal
2023-12-23,0.13976413776954305,0.08706490981073366,0.19096349227465648,0.147013552515367,STU_0173,High Burnout,0,0,14.0,8.7,19.1,17.3,low
2023-12-24,0.13470193276602577,0.07903799024142807,0.1868903318487199,0.1465778074209922,STU_0173,High Burnout,0,0,13.5,7.9,18.7,17.3,low
2023-12-25,0.15057672068201072,0.09410989740388824,0.20109744381183567,0.14614206232661742,STU_0173,High Burnout,0,0,15.1,9.4,20.1,17.3,low
2023-12-26,0.15030566517814106,0.09421446437423038,0.20362616900045805,0.14570631723224262,STU_0173,High Burnout,0,0,15.0,9.4,20.4,17.3,low
2023-12-27,0.14902055213123472,0.09570604978141219,0.20441914707977152,0.14527057213786781,STU_0173,High Burnout,0,0,14.9,9.6,20.4,17.3,low
2023-12-28,0.14636037538563576,0.09184974310017413,0.1987829162688966,0.144834827043493,STU_0173,High Burnout,0,0,14.6,9.2,19.9,17.3,low
2023-12-29,0.14921483671308292,0.09993422869808805,0.20209483711188087,0.14439908194911819,STU_0173,High Burnout,0,0,14.9,10.0,20.2,17.3,low
